,mln,rbf,nnet_normal,nnet,1,0,Final
1,1,1,1,1,3,0,1
2,0,1,1,1,3,0,1
3,0,1,1,1,3,0,1
4,0,1,1,1,3,0,1
5,0,1,1,1,3,0,1
6,1,1,1,1,3,0,1
7,0,1,1,1,3,0,1
8,0,0,1,1,2,1,1
9,0,1,1,0,2,1,1
10,0,0,1,1,2,1,1
11,1,1,1,1,3,0,1
12,0,1,1,1,3,0,1
13,0,1,1,1,3,0,1
14,0,1,1,1,3,0,1
15,1,1,1,1,3,0,1
16,0,1,1,1,3,0,1
17,1,1,1,1,3,0,1
18,1,0,1,1,2,1,1
19,1,1,1,1,3,0,1
20,0,1,1,1,3,0,1
21,0,1,1,1,3,0,1
22,0,0,1,1,2,1,1
23,0,1,1,1,3,0,1
24,0,1,1,1,3,0,1
25,0,1,1,1,3,0,1
26,1,1,1,1,3,0,1
27,0,1,1,1,3,0,1
28,0,1,1,1,3,0,1
29,1,1,1,1,3,0,1
30,1,1,1,1,3,0,1
31,0,1,1,1,3,0,1
32,0,0,1,0,1,2,0
33,0,1,1,1,3,0,1
34,0,0,1,1,2,1,1
35,1,0,1,0,1,2,0
36,1,0,1,1,2,1,1
37,0,1,1,1,3,0,1
38,1,1,1,1,3,0,1
39,1,1,1,1,3,0,1
40,1,1,1,1,3,0,1
41,1,1,1,1,3,0,1
42,0,1,1,1,3,0,1
43,0,1,1,1,3,0,1
44,1,0,1,1,2,1,1
45,1,0,1,1,2,1,1
46,1,1,1,1,3,0,1
47,1,1,1,1,3,0,1
48,0,1,1,1,3,0,1
49,1,0,1,1,2,1,1
50,0,1,1,1,3,0,1
51,1,1,1,1,3,0,1
52,0,1,1,1,3,0,1
53,0,0,1,1,2,1,1
54,1,0,1,0,1,2,0
55,0,1,0,1,2,1,1
56,1,1,1,1,3,0,1
57,1,0,1,1,2,1,1
58,0,1,1,0,2,1,1
59,0,1,1,1,3,0,1
60,0,1,1,1,3,0,1
61,0,1,1,1,3,0,1
62,1,1,1,1,3,0,1
63,1,1,1,1,3,0,1
64,1,1,1,1,3,0,1
65,0,1,1,1,3,0,1
66,0,1,1,1,3,0,1
67,0,1,1,1,3,0,1
68,0,1,1,1,3,0,1
69,0,1,1,1,3,0,1
70,0,1,1,1,3,0,1
71,0,1,1,1,3,0,1
72,0,1,1,1,3,0,1
73,0,1,1,1,3,0,1
74,1,1,1,1,3,0,1
75,0,1,1,1,3,0,1
76,1,1,0,1,2,1,1
77,1,1,0,1,2,1,1
78,0,0,1,1,2,1,1
79,1,1,1,1,3,0,1
80,1,0,1,1,2,1,1
81,1,1,1,1,3,0,1
82,0,0,1,1,2,1,1
83,0,1,1,1,3,0,1
84,0,0,1,1,2,1,1
85,0,1,1,1,3,0,1
86,0,0,1,1,2,1,1
87,0,1,0,1,2,1,1
88,0,1,1,1,3,0,1
89,0,1,1,1,3,0,1
90,1,1,1,1,3,0,1
91,0,1,1,1,3,0,1
92,0,0,1,0,1,2,0
93,1,1,1,1,3,0,1
94,0,1,0,1,2,1,1
95,1,0,1,1,2,1,1
96,1,1,1,1,3,0,1
97,0,0,1,1,2,1,1
98,1,1,1,1,3,0,1
99,0,0,1,1,2,1,1
100,0,1,1,1,3,0,1
101,0,1,1,1,3,0,1
102,1,1,1,1,3,0,1
103,0,1,1,1,3,0,1
104,0,1,1,1,3,0,1
105,0,0,1,1,2,1,1
106,0,1,1,1,3,0,1
107,0,0,1,0,1,2,0
108,0,0,1,0,1,2,0
109,0,1,1,1,3,0,1
110,1,1,1,1,3,0,1
111,0,1,1,1,3,0,1
112,1,0,1,0,1,2,0
113,1,1,1,1,3,0,1
114,0,0,0,1,1,2,0
115,0,0,1,0,1,2,0
116,1,1,0,1,2,1,1
117,0,0,1,1,2,1,1
118,0,1,1,1,3,0,1
119,0,0,1,0,1,2,0
120,1,1,1,1,3,0,1
121,0,0,1,0,1,2,0
122,1,1,1,1,3,0,1
123,1,0,1,1,2,1,1
124,1,1,1,1,3,0,1
125,0,1,0,1,2,1,1
126,0,1,1,1,3,0,1
127,1,1,1,1,3,0,1
128,1,1,1,1,3,0,1
129,1,1,1,1,3,0,1
130,0,0,1,1,2,1,1
131,0,1,1,1,3,0,1
132,0,1,1,1,3,0,1
133,0,1,1,1,3,0,1
134,0,0,1,1,2,1,1
135,0,1,1,1,3,0,1
136,0,0,1,1,2,1,1
137,0,0,1,1,2,1,1
138,0,0,1,0,1,2,0
139,0,1,1,1,3,0,1
140,0,1,1,1,3,0,1
141,1,1,1,0,2,1,1
142,0,1,1,1,3,0,1
143,1,1,1,1,3,0,1
144,1,1,1,1,3,0,1
145,0,1,1,1,3,0,1
146,1,1,1,1,3,0,1
147,1,1,1,1,3,0,1
148,1,1,1,1,3,0,1
149,1,1,1,1,3,0,1
150,0,0,1,0,1,2,0
151,0,1,1,1,3,0,1
152,0,1,1,1,3,0,1
153,1,1,1,1,3,0,1
154,1,1,1,1,3,0,1
155,1,1,1,1,3,0,1
156,0,1,1,1,3,0,1
157,0,1,1,1,3,0,1
158,1,1,1,1,3,0,1
159,0,1,1,1,3,0,1
160,1,1,1,1,3,0,1
161,0,1,1,1,3,0,1
162,0,0,1,0,1,2,0
163,0,1,1,1,3,0,1
164,1,1,1,1,3,0,1
165,1,0,1,1,2,1,1
166,0,0,1,1,2,1,1
167,0,1,1,1,3,0,1
168,1,1,1,1,3,0,1
169,0,1,1,1,3,0,1
170,1,1,1,1,3,0,1
171,1,1,1,1,3,0,1
172,1,1,1,1,3,0,1
173,0,1,1,1,3,0,1
174,0,1,1,1,3,0,1
175,0,1,1,1,3,0,1
176,0,1,1,0,2,1,1
177,1,1,1,1,3,0,1
178,0,0,1,1,2,1,1
179,0,0,1,0,1,2,0
180,0,1,1,1,3,0,1
181,0,1,1,1,3,0,1
182,1,1,1,1,3,0,1
183,0,1,0,1,2,1,1
184,1,1,1,1,3,0,1
185,0,1,1,1,3,0,1
186,0,1,1,1,3,0,1
187,0,1,1,1,3,0,1
188,0,1,1,1,3,0,1
189,0,1,1,1,3,0,1
190,0,1,1,1,3,0,1
191,1,0,1,1,2,1,1
192,1,1,0,1,2,1,1
193,0,1,1,1,3,0,1
194,0,1,1,1,3,0,1
195,0,1,1,0,2,1,1
196,0,1,1,1,3,0,1
197,1,1,1,0,2,1,1
198,0,1,1,1,3,0,1
199,1,0,1,1,2,1,1
200,0,1,1,1,3,0,1
201,1,1,1,0,2,1,1
202,0,0,1,1,2,1,1
203,0,1,1,1,3,0,1
204,0,1,1,1,3,0,1
205,1,1,1,1,3,0,1
206,0,1,1,1,3,0,1
207,1,1,1,1,3,0,1
208,1,1,1,1,3,0,1
209,1,1,0,1,2,1,1
210,1,1,1,1,3,0,1
211,0,1,0,1,2,1,1
212,0,1,1,1,3,0,1
213,0,1,1,1,3,0,1
214,0,1,1,1,3,0,1
215,0,0,1,1,2,1,1
216,0,1,1,1,3,0,1
217,1,1,1,1,3,0,1
218,0,1,1,1,3,0,1
219,0,1,1,1,3,0,1
220,0,1,1,1,3,0,1
221,1,0,1,1,2,1,1
222,0,0,1,0,1,2,0
223,0,1,1,1,3,0,1
224,0,1,1,1,3,0,1
225,1,1,1,1,3,0,1
226,1,1,1,1,3,0,1
227,0,1,1,1,3,0,1
228,0,1,1,1,3,0,1
229,0,1,1,1,3,0,1
230,0,1,1,1,3,0,1
231,0,1,1,1,3,0,1
232,0,0,1,1,2,1,1
233,0,1,1,1,3,0,1
234,1,1,1,1,3,0,1
235,1,1,1,1,3,0,1
236,0,1,1,1,3,0,1
237,1,1,1,1,3,0,1
238,0,0,1,1,2,1,1
239,1,1,1,1,3,0,1
240,0,1,1,1,3,0,1
241,0,1,1,1,3,0,1
242,0,1,1,1,3,0,1
243,1,1,1,1,3,0,1
244,0,1,1,1,3,0,1
245,1,1,1,1,3,0,1
246,0,1,1,1,3,0,1
247,1,1,1,1,3,0,1
248,1,1,1,1,3,0,1
249,0,1,1,1,3,0,1
250,0,1,1,1,3,0,1
251,1,1,0,1,2,1,1
252,1,1,1,1,3,0,1
253,0,0,1,1,2,1,1
254,1,1,1,1,3,0,1
255,0,1,1,1,3,0,1
256,0,1,1,0,2,1,1
257,0,1,1,1,3,0,1
258,1,1,1,1,3,0,1
259,0,1,1,1,3,0,1
260,0,1,1,1,3,0,1
261,0,1,1,1,3,0,1
262,0,0,1,1,2,1,1
263,0,1,1,1,3,0,1
264,0,1,1,1,3,0,1
265,0,1,1,1,3,0,1
266,0,1,1,1,3,0,1
267,1,1,1,1,3,0,1
268,1,1,1,1,3,0,1
269,1,0,1,1,2,1,1
270,0,1,1,1,3,0,1
271,0,0,1,1,2,1,1
272,1,1,1,1,3,0,1
273,1,0,1,1,2,1,1
274,1,1,1,1,3,0,1
275,0,1,1,1,3,0,1
276,0,0,1,0,1,2,0
277,0,1,1,1,3,0,1
278,0,1,1,1,3,0,1
279,0,1,1,1,3,0,1
280,0,1,0,1,2,1,1
281,0,1,1,1,3,0,1
282,1,1,1,1,3,0,1
283,1,1,1,1,3,0,1
284,1,1,1,1,3,0,1
285,0,1,1,1,3,0,1
286,1,1,1,1,3,0,1
287,1,1,1,1,3,0,1
288,1,1,1,1,3,0,1
289,0,1,0,1,2,1,1
290,0,1,1,1,3,0,1
291,1,1,1,1,3,0,1
292,1,0,1,1,2,1,1
293,1,1,1,1,3,0,1
294,0,0,1,1,2,1,1
295,0,1,1,1,3,0,1
296,0,1,1,1,3,0,1
297,0,1,1,1,3,0,1
298,1,1,1,1,3,0,1
299,1,1,0,1,2,1,1
300,0,1,1,1,3,0,1
301,0,1,1,0,2,1,1
302,1,1,1,1,3,0,1
303,0,0,1,0,1,2,0
304,0,1,1,1,3,0,1
305,0,1,1,1,3,0,1
306,0,1,1,1,3,0,1
307,0,1,1,1,3,0,1
308,1,1,1,1,3,0,1
309,0,1,1,1,3,0,1
310,0,1,1,1,3,0,1
311,1,1,1,1,3,0,1
312,0,1,1,1,3,0,1
313,0,1,1,1,3,0,1
314,1,1,0,1,2,1,1
315,1,1,1,1,3,0,1
316,0,1,1,1,3,0,1
317,0,1,1,1,3,0,1
318,1,1,1,1,3,0,1
319,0,1,1,1,3,0,1
320,0,0,1,0,1,2,0
321,0,1,1,1,3,0,1
322,1,0,1,1,2,1,1
323,1,1,0,1,2,1,1
324,0,1,1,1,3,0,1
325,1,1,1,1,3,0,1
326,1,1,1,1,3,0,1
327,0,1,1,1,3,0,1
328,1,1,1,1,3,0,1
329,1,1,1,1,3,0,1
330,0,1,1,1,3,0,1
331,0,1,1,1,3,0,1
332,1,1,1,1,3,0,1
333,0,1,1,1,3,0,1
334,0,1,1,1,3,0,1
335,1,1,1,1,3,0,1
336,0,1,1,1,3,0,1
337,0,1,1,1,3,0,1
338,0,1,1,1,3,0,1
339,0,0,1,0,1,2,0
340,0,1,1,1,3,0,1
341,1,1,1,1,3,0,1
342,1,0,1,1,2,1,1
343,0,2,1,1,3,0,1
344,1,1,1,1,3,0,1
345,0,1,1,1,3,0,1
346,1,1,1,1,3,0,1
347,0,0,1,0,1,2,0
348,1,1,1,1,3,0,1
349,0,0,1,1,2,1,1
350,0,0,1,1,2,1,1
351,1,1,1,1,3,0,1
352,0,0,1,1,2,1,1
353,0,1,1,1,3,0,1
354,1,1,1,1,3,0,1
355,0,1,1,1,3,0,1
356,0,1,1,1,3,0,1
357,1,1,1,1,3,0,1
358,1,1,1,1,3,0,1
359,1,1,0,1,2,1,1
360,0,1,1,1,3,0,1
361,1,1,1,1,3,0,1
362,1,0,1,1,2,1,1
363,0,1,1,1,3,0,1
364,0,1,1,1,3,0,1
365,1,0,1,0,1,2,0
366,0,1,1,1,3,0,1
367,1,1,1,1,3,0,1
368,1,1,1,1,3,0,1
369,0,1,1,1,3,0,1
370,0,1,1,1,3,0,1
371,1,1,0,1,2,1,1
372,1,0,1,1,2,1,1
373,0,1,1,1,3,0,1
374,1,1,1,1,3,0,1
375,0,1,1,1,3,0,1
376,0,1,1,1,3,0,1
377,0,1,0,1,2,1,1
378,1,1,1,1,3,0,1
379,1,1,1,1,3,0,1
380,0,1,1,1,3,0,1
381,0,1,1,1,3,0,1
382,1,1,1,1,3,0,1
383,1,1,1,1,3,0,1
384,0,1,1,0,2,1,1
385,0,0,1,1,2,1,1
386,0,0,1,1,2,1,1
387,0,1,1,0,2,1,1
388,1,1,1,1,3,0,1
389,1,1,1,1,3,0,1
390,1,1,1,1,3,0,1
391,0,1,1,1,3,0,1
392,1,1,0,1,2,1,1
393,0,1,1,1,3,0,1
394,0,0,1,1,2,1,1
395,0,1,1,1,3,0,1
396,1,1,0,1,2,1,1
397,1,1,1,1,3,0,1
398,1,1,1,1,3,0,1
399,1,1,1,1,3,0,1
400,0,1,1,1,3,0,1
401,0,1,1,1,3,0,1
402,1,1,0,1,2,1,1
403,0,1,1,1,3,0,1
404,0,1,1,1,3,0,1
405,1,1,0,1,2,1,1
406,0,1,1,1,3,0,1
407,0,1,0,1,2,1,1
408,1,1,1,1,3,0,1
409,1,1,1,1,3,0,1
410,0,1,1,1,3,0,1
411,1,1,0,1,2,1,1
412,0,1,1,1,3,0,1
413,1,1,0,1,2,1,1
414,0,1,1,1,3,0,1
415,1,1,1,1,3,0,1
416,0,1,1,1,3,0,1
417,0,1,1,1,3,0,1
418,1,1,1,1,3,0,1
419,0,1,1,1,3,0,1
420,1,0,1,1,2,1,1
421,0,0,1,0,1,2,0
422,0,1,1,1,3,0,1
423,0,0,1,0,1,2,0
424,1,1,1,1,3,0,1
425,0,1,1,1,3,0,1
426,1,1,1,1,3,0,1
427,1,1,1,1,3,0,1
428,1,1,1,1,3,0,1
429,1,1,1,1,3,0,1
430,0,0,1,1,2,1,1
431,0,1,1,1,3,0,1
432,0,1,1,1,3,0,1
433,1,1,1,0,2,1,1
434,0,0,1,0,1,2,0
435,1,1,1,1,3,0,1
436,0,1,0,1,2,1,1
437,1,1,1,1,3,0,1
438,0,1,0,1,2,1,1
439,1,0,0,1,1,2,0
440,0,1,0,1,2,1,1
441,0,1,0,1,2,1,1
442,0,1,0,1,2,1,1
443,0,1,0,1,2,1,1
444,1,1,0,1,2,1,1
445,0,1,0,1,2,1,1
446,0,0,0,1,1,2,0
447,0,0,0,1,1,2,0
448,1,1,0,1,2,1,1
449,1,1,1,1,3,0,1
450,0,1,0,0,1,2,0
451,0,0,0,0,0,3,0
452,0,1,0,0,1,2,0
453,1,1,0,0,1,2,0
454,1,0,0,0,0,3,0
455,1,0,0,0,0,3,0
456,0,0,0,0,0,3,0
457,0,0,0,0,0,3,0
458,0,0,0,0,0,3,0
459,1,0,0,0,0,3,0
460,1,0,0,0,0,3,0
461,0,1,0,0,1,2,0
462,1,0,0,0,0,3,0
463,0,1,1,0,2,1,1
464,1,1,0,0,1,2,0
465,0,0,0,0,0,3,0
466,0,0,1,0,1,2,0
467,1,0,1,0,1,2,0
468,0,1,0,0,1,2,0
469,1,0,0,0,0,3,0
470,0,0,0,0,0,3,0
471,1,0,0,0,0,3,0
472,0,1,0,0,1,2,0
473,1,1,0,1,2,1,1
474,0,0,0,0,0,3,0
475,0,1,0,0,1,2,0
476,0,0,0,0,0,3,0
477,0,0,0,0,0,3,0
478,1,1,0,1,2,1,1
479,0,0,0,0,0,3,0
480,0,0,0,0,0,3,0
481,1,0,0,0,0,3,0
482,1,0,0,0,0,3,0
483,1,0,0,0,0,3,0
484,0,0,0,0,0,3,0
485,0,0,0,0,0,3,0
486,1,1,0,0,1,2,0
487,1,0,1,0,1,2,0
488,0,1,0,0,1,2,0
489,0,1,0,0,1,2,0
490,0,0,0,0,0,3,0
491,0,1,0,0,1,2,0
492,1,0,0,0,0,3,0
493,0,0,0,0,0,3,0
494,0,1,0,0,1,2,0
495,1,1,0,0,1,2,0
496,0,1,0,0,1,2,0
497,1,0,0,0,0,3,0
498,1,0,0,0,0,3,0
499,0,1,0,0,1,2,0
500,0,0,0,0,0,3,0
501,0,0,0,0,0,3,0
502,0,1,0,0,1,2,0
503,1,1,0,0,1,2,0
504,1,1,0,0,1,2,0
505,0,1,0,0,1,2,0
506,1,1,0,0,1,2,0
507,0,0,0,0,0,3,0
508,0,0,0,0,0,3,0
509,0,0,0,0,0,3,0
510,1,1,0,0,1,2,0
511,0,0,0,0,0,3,0
512,1,1,0,0,1,2,0
513,0,1,0,0,1,2,0
514,0,1,0,0,1,2,0
515,0,1,0,0,1,2,0
516,1,0,1,0,1,2,0
517,0,1,0,0,1,2,0
518,0,1,0,0,1,2,0
519,0,0,0,0,0,3,0
520,0,0,0,0,0,3,0
521,1,1,0,0,1,2,0
522,0,0,1,0,1,2,0
523,1,0,0,0,0,3,0
524,1,1,0,0,1,2,0
525,0,0,0,1,1,2,0
526,0,0,1,0,1,2,0
527,0,0,0,0,0,3,0
528,1,1,0,0,1,2,0
529,0,1,0,0,1,2,0
530,0,0,0,0,0,3,0
531,0,1,0,1,2,1,1
532,0,0,0,0,0,3,0
533,0,0,0,0,0,3,0
534,0,1,0,0,1,2,0
535,1,1,0,0,1,2,0
536,0,1,0,0,1,2,0
537,0,1,0,0,1,2,0
538,0,0,0,0,0,3,0
539,0,0,0,0,0,3,0
540,1,0,0,1,1,2,0
541,0,1,0,0,1,2,0
542,1,1,0,0,1,2,0
543,0,1,0,0,1,2,0
544,1,0,0,0,0,3,0
545,0,1,0,0,1,2,0
546,0,0,0,0,0,3,0
547,0,1,0,0,1,2,0
548,0,0,0,0,0,3,0
549,0,1,0,1,2,1,1
550,0,1,0,0,1,2,0
551,1,0,1,0,1,2,0
552,1,1,0,0,1,2,0
553,1,1,0,0,1,2,0
554,0,0,0,1,1,2,0
555,0,0,0,0,0,3,0
556,0,0,0,0,0,3,0
557,0,0,0,0,0,3,0
558,0,0,0,0,0,3,0
559,0,0,0,0,0,3,0
560,1,0,0,0,0,3,0
561,0,0,0,0,0,3,0
562,0,0,1,0,1,2,0
563,0,0,0,0,0,3,0
564,1,1,0,0,1,2,0
565,0,1,0,0,1,2,0
566,0,0,0,0,0,3,0
567,1,1,0,0,1,2,0
568,1,0,0,0,0,3,0
569,0,0,0,0,0,3,0
570,0,1,0,0,1,2,0
571,0,0,0,0,0,3,0
572,0,0,0,0,0,3,0
573,0,0,0,0,0,3,0
574,0,1,0,0,1,2,0
575,0,0,0,0,0,3,0
576,0,1,0,0,1,2,0
577,0,0,0,0,0,3,0
578,1,0,0,0,0,3,0
579,0,1,0,0,1,2,0
580,0,0,0,1,1,2,0
581,0,0,0,1,1,2,0
582,0,1,0,1,2,1,1
583,0,1,0,0,1,2,0
584,0,0,0,0,0,3,0
585,0,1,0,0,1,2,0
586,1,1,0,0,1,2,0
587,1,1,0,0,1,2,0
588,0,1,0,0,1,2,0
589,0,0,0,0,0,3,0
590,0,0,0,0,0,3,0
591,0,0,0,0,0,3,0
592,1,0,1,0,1,2,0
593,0,1,0,0,1,2,0
594,1,1,0,0,1,2,0
595,1,0,0,0,0,3,0
596,0,0,0,0,0,3,0
597,0,0,0,0,0,3,0
598,0,0,0,0,0,3,0
599,0,0,0,0,0,3,0
600,1,1,0,0,1,2,0
601,1,1,0,0,1,2,0
602,0,1,0,0,1,2,0
603,1,0,0,0,0,3,0
604,0,1,0,0,1,2,0
605,1,0,0,0,0,3,0
606,0,0,0,0,0,3,0
607,1,0,0,0,0,3,0
608,0,1,0,0,1,2,0
609,1,1,0,0,1,2,0
610,1,1,0,1,2,1,1
611,0,1,0,0,1,2,0
612,1,0,0,0,0,3,0
613,1,0,0,0,0,3,0
614,0,0,0,0,0,3,0
615,0,1,0,0,1,2,0
616,0,1,0,0,1,2,0
617,0,1,0,0,1,2,0
618,0,0,0,0,0,3,0
619,0,1,0,0,1,2,0
620,1,0,0,0,0,3,0
621,0,0,0,0,0,3,0
622,0,0,1,0,1,2,0
623,0,0,0,0,0,3,0
624,1,1,0,0,1,2,0
625,1,0,0,0,0,3,0
626,0,0,0,0,0,3,0
627,1,0,0,0,0,3,0
628,0,0,0,0,0,3,0
629,1,0,0,0,0,3,0
630,0,1,1,0,2,1,1
631,0,1,0,0,1,2,0
632,0,0,0,0,0,3,0
633,0,1,0,1,2,1,1
634,0,0,0,0,0,3,0
635,1,0,0,0,0,3,0
636,1,0,0,0,0,3,0
637,0,0,0,0,0,3,0
638,0,0,0,0,0,3,0
639,0,0,0,0,0,3,0
640,1,1,0,0,1,2,0
641,0,0,0,0,0,3,0
642,0,0,0,0,0,3,0
643,0,0,0,0,0,3,0
644,1,1,0,0,1,2,0
645,0,1,0,0,1,2,0
646,0,0,0,0,0,3,0
647,0,1,0,0,1,2,0
648,0,0,0,0,0,3,0
649,1,0,0,1,1,2,0
650,0,0,0,0,0,3,0
651,0,1,0,0,1,2,0
652,0,0,0,0,0,3,0
653,0,0,0,0,0,3,0
654,1,1,0,0,1,2,0
655,0,1,0,1,2,1,1
656,0,1,0,0,1,2,0
657,0,0,0,0,0,3,0
658,1,0,0,0,0,3,0
659,0,0,0,0,0,3,0
660,0,1,0,0,1,2,0
661,0,0,0,0,0,3,0
662,0,1,0,0,1,2,0
663,1,1,0,0,1,2,0
664,0,0,0,0,0,3,0
665,1,0,0,0,0,3,0
666,1,1,1,0,2,1,1
667,0,1,0,0,1,2,0
668,1,1,0,0,1,2,0
669,0,1,0,0,1,2,0
670,0,0,0,0,0,3,0
671,1,0,0,0,0,3,0
672,0,0,0,0,0,3,0
673,1,0,0,0,0,3,0
674,1,0,0,0,0,3,0
675,0,0,0,0,0,3,0
676,0,1,0,0,1,2,0
677,0,0,0,0,0,3,0
678,1,0,0,0,0,3,0
679,1,0,0,0,0,3,0
680,1,1,0,0,1,2,0
681,0,0,1,0,1,2,0
682,0,1,0,0,1,2,0
683,0,1,0,0,1,2,0
684,0,1,0,0,1,2,0
685,0,1,0,0,1,2,0
686,0,1,0,0,1,2,0
687,0,0,0,0,0,3,0
688,1,0,0,0,0,3,0
689,0,1,0,0,1,2,0
690,1,0,0,0,0,3,0
691,1,0,0,1,1,2,0
692,0,0,0,0,0,3,0
693,0,0,1,0,1,2,0
694,0,0,0,1,1,2,0
695,1,1,0,0,1,2,0
696,0,0,0,0,0,3,0
697,1,0,0,0,0,3,0
698,0,0,0,0,0,3,0
699,1,0,0,0,0,3,0
700,1,0,0,0,0,3,0
701,0,0,0,0,0,3,0
702,1,0,0,0,0,3,0
703,1,0,0,0,0,3,0
704,0,0,0,0,0,3,0
705,1,0,0,0,0,3,0
706,1,1,0,0,1,2,0
707,0,0,0,0,0,3,0
708,1,1,0,0,1,2,0
709,1,0,0,0,0,3,0
710,1,1,0,1,2,1,1
711,0,0,0,0,0,3,0
712,0,0,1,0,1,2,0
713,0,0,0,0,0,3,0
714,0,1,0,0,1,2,0
715,0,0,0,0,0,3,0
716,0,0,0,0,0,3,0
717,0,0,0,0,0,3,0
718,1,1,0,0,1,2,0
719,0,1,0,1,2,1,1
720,1,0,0,0,0,3,0
721,1,0,0,0,0,3,0
722,0,0,1,0,1,2,0
723,0,0,0,0,0,3,0
724,0,0,0,0,0,3,0
725,0,0,0,0,0,3,0
726,0,1,0,0,1,2,0
727,0,0,0,0,0,3,0
728,0,1,0,0,1,2,0
729,0,0,0,0,0,3,0
730,1,0,0,1,1,2,0
731,1,1,0,0,1,2,0
732,0,0,0,0,0,3,0
733,0,0,0,0,0,3,0
734,0,1,0,0,1,2,0
735,1,1,0,0,1,2,0
736,1,0,1,0,1,2,0
737,1,0,0,0,0,3,0
738,0,0,0,0,0,3,0
739,0,1,0,0,1,2,0
740,1,1,0,0,1,2,0
741,0,1,0,0,1,2,0
742,1,1,0,0,1,2,0
743,1,1,0,1,2,1,1
744,1,0,0,0,0,3,0
745,1,0,0,0,0,3,0
746,0,1,0,0,1,2,0
747,0,0,0,0,0,3,0
748,1,0,0,0,0,3,0
749,0,1,0,0,1,2,0
750,0,0,0,0,0,3,0
751,1,1,0,0,1,2,0
752,1,1,0,0,1,2,0
753,1,0,0,0,0,3,0
754,1,1,0,0,1,2,0
755,0,1,0,0,1,2,0
756,0,1,0,0,1,2,0
757,0,1,0,0,1,2,0
758,0,1,0,0,1,2,0
759,1,0,0,0,0,3,0
760,1,0,0,0,0,3,0
761,0,0,0,0,0,3,0
762,1,0,0,0,0,3,0
763,0,0,0,0,0,3,0
764,0,0,0,0,0,3,0
765,0,0,0,0,0,3,0
766,1,0,0,0,0,3,0
767,1,0,0,0,0,3,0
768,1,1,0,0,1,2,0
769,0,0,0,0,0,3,0
770,0,0,0,0,0,3,0
771,1,1,0,0,1,2,0
772,0,0,0,0,0,3,0
773,0,1,0,0,1,2,0
774,0,0,0,0,0,3,0
775,1,1,0,0,1,2,0
776,1,0,0,0,0,3,0
777,1,1,0,0,1,2,0
778,1,0,0,1,1,2,0
779,0,0,0,0,0,3,0
780,0,0,0,0,0,3,0
781,1,1,0,0,1,2,0
782,0,1,1,0,2,1,1
783,1,1,0,0,1,2,0
784,0,1,0,0,1,2,0
785,0,1,0,0,1,2,0
786,1,0,0,0,0,3,0
787,1,0,0,0,0,3,0
788,1,1,0,1,2,1,1
789,1,1,0,0,1,2,0
790,0,1,0,0,1,2,0
791,0,1,0,0,1,2,0
792,0,1,0,0,1,2,0
793,1,0,0,0,0,3,0
794,0,0,0,0,0,3,0
795,0,0,0,0,0,3,0
796,1,1,0,0,1,2,0
797,1,0,0,0,0,3,0
798,1,0,0,0,0,3,0
799,1,0,1,0,1,2,0
800,1,1,0,0,1,2,0
801,1,0,1,0,1,2,0
802,0,1,0,0,1,2,0
803,1,0,0,0,0,3,0
804,1,1,0,0,1,2,0
805,0,1,0,0,1,2,0
806,0,1,0,0,1,2,0
807,0,0,0,0,0,3,0
808,1,0,0,0,0,3,0
809,0,0,0,0,0,3,0
810,1,0,1,0,1,2,0
811,1,0,0,1,1,2,0
812,0,1,0,0,1,2,0
813,1,0,0,0,0,3,0
814,0,1,0,0,1,2,0
815,0,1,0,0,1,2,0
816,0,1,0,0,1,2,0
817,1,1,0,0,1,2,0
818,1,0,0,0,0,3,0
819,0,1,0,0,1,2,0
820,0,1,0,0,1,2,0
821,1,0,0,0,0,3,0
822,0,0,0,0,0,3,0
823,0,1,0,1,2,1,1
824,0,1,0,0,1,2,0
825,0,0,0,0,0,3,0
826,1,1,0,0,1,2,0
827,1,1,0,0,1,2,0
828,1,0,0,0,0,3,0
829,0,0,1,0,1,2,0
830,0,1,0,0,1,2,0
831,1,1,0,0,1,2,0
832,0,0,1,0,1,2,0
833,1,0,0,0,0,3,0
834,0,0,0,0,0,3,0
835,1,0,0,0,0,3,0
836,0,1,0,0,1,2,0
837,0,0,0,0,0,3,0
838,0,0,0,0,0,3,0
839,0,0,0,0,0,3,0
840,1,1,0,0,1,2,0
841,0,0,0,0,0,3,0
842,0,0,0,0,0,3,0
843,0,0,0,0,0,3,0
844,0,0,0,1,1,2,0
845,0,0,0,0,0,3,0
846,1,0,0,0,0,3,0
847,0,0,0,0,0,3,0
848,0,0,0,0,0,3,0
849,0,1,0,0,1,2,0
850,1,0,1,0,1,2,0
851,0,0,0,0,0,3,0
852,0,1,0,0,1,2,0
853,0,0,0,0,0,3,0
854,0,0,1,0,1,2,0
855,0,0,0,0,0,3,0
856,1,0,0,0,0,3,0
857,0,0,0,0,0,3,0
858,1,0,0,0,0,3,0
859,1,0,0,0,0,3,0
860,0,1,0,0,1,2,0
861,1,0,0,0,0,3,0
862,1,0,0,0,0,3,0
863,0,1,0,0,1,2,0
864,0,0,0,0,0,3,0
865,0,0,0,0,0,3,0
866,1,1,0,0,1,2,0
867,1,1,0,0,1,2,0
868,0,1,0,0,1,2,0
869,0,0,0,0,0,3,0
870,0,0,0,0,0,3,0
871,1,1,0,0,1,2,0
872,0,0,0,0,0,3,0
873,0,0,0,0,0,3,0
874,0,0,0,0,0,3,0
875,0,1,0,0,1,2,0
876,0,0,0,0,0,3,0
877,1,1,0,0,1,2,0
878,0,1,0,0,1,2,0
879,0,1,0,0,1,2,0
880,0,1,0,0,1,2,0
881,1,1,0,0,1,2,0
882,0,0,0,0,0,3,0
883,0,0,0,0,0,3,0
884,1,0,0,0,0,3,0
885,0,0,0,0,0,3,0
886,0,1,0,0,1,2,0
887,1,0,0,0,0,3,0
888,1,1,0,0,1,2,0
889,0,0,0,0,0,3,0
890,1,1,0,0,1,2,0
891,0,0,0,0,0,3,0
892,0,0,0,0,0,3,0
893,0,0,0,0,0,3,0
894,0,0,0,0,0,3,0
895,0,0,0,0,0,3,0
896,0,0,0,0,0,3,0
897,1,0,0,0,0,3,0
898,1,0,0,0,0,3,0
899,1,0,0,0,0,3,0
900,0,0,0,0,0,3,0
901,0,0,0,0,0,3,0
902,0,0,0,0,0,3,0
903,0,0,0,0,0,3,0
904,0,0,0,0,0,3,0
905,0,0,0,0,0,3,0
906,0,0,0,0,0,3,0
907,0,0,0,0,0,3,0
908,0,0,0,0,0,3,0
909,0,0,0,0,0,3,0
910,1,1,0,0,1,2,0
911,0,0,0,0,0,3,0
912,0,0,0,0,0,3,0
913,1,0,0,0,0,3,0
914,0,0,0,0,0,3,0
915,1,0,0,0,0,3,0
916,0,0,0,0,0,3,0
917,0,1,0,0,1,2,0
918,0,0,0,0,0,3,0
919,0,0,0,0,0,3,0
920,0,0,0,0,0,3,0
921,0,0,0,0,0,3,0
922,0,0,0,0,0,3,0
923,1,0,0,0,0,3,0
924,0,0,0,0,0,3,0
925,0,0,0,0,0,3,0
926,0,1,0,0,1,2,0
927,1,0,1,0,1,2,0
928,0,1,0,0,1,2,0
929,1,0,0,0,0,3,0
930,0,1,0,0,1,2,0
931,0,0,0,0,0,3,0
932,0,1,0,0,1,2,0
933,0,0,0,0,0,3,0
934,0,1,0,0,1,2,0
935,0,0,0,0,0,3,0
936,1,0,0,0,0,3,0
937,0,0,1,0,1,2,0
938,0,1,0,0,1,2,0
939,0,1,0,0,1,2,0
940,0,1,0,0,1,2,0
941,0,1,0,0,1,2,0
942,1,0,0,0,0,3,0
943,1,0,0,0,0,3,0
944,1,0,0,0,0,3,0
945,1,0,0,0,0,3,0
946,1,0,0,0,0,3,0
947,1,0,0,0,0,3,0
948,1,0,0,0,0,3,0
949,0,1,0,0,1,2,0
950,0,1,0,0,1,2,0
951,0,1,0,0,1,2,0
952,1,0,0,0,0,3,0
953,0,0,1,0,1,2,0
954,0,0,1,0,1,2,0
955,1,1,0,0,1,2,0
956,0,1,0,0,1,2,0
957,0,0,0,0,0,3,0
958,1,0,0,0,0,3,0
959,0,1,0,0,1,2,0
960,0,0,0,0,0,3,0
961,0,1,0,0,1,2,0
962,0,0,0,0,0,3,0
963,0,0,0,0,0,3,0
964,1,0,0,0,0,3,0
965,0,1,0,0,1,2,0
966,0,0,0,0,0,3,0
967,0,1,0,0,1,2,0
968,0,0,0,0,0,3,0
969,0,1,0,0,1,2,0
970,0,0,0,0,0,3,0
971,0,1,0,0,1,2,0
972,0,1,0,0,1,2,0
973,0,0,0,0,0,3,0
974,1,0,0,0,0,3,0
975,1,1,0,0,1,2,0
976,0,1,0,0,1,2,0
977,0,0,0,0,0,3,0
978,1,1,0,0,1,2,0
979,0,0,0,0,0,3,0
980,1,0,0,0,0,3,0
981,1,0,0,0,0,3,0
982,0,0,0,0,0,3,0
983,0,1,0,0,1,2,0
984,0,0,0,0,0,3,0
985,0,0,0,0,0,3,0
986,0,0,1,0,1,2,0
987,1,0,0,0,0,3,0
988,1,0,0,0,0,3,0
989,1,0,0,0,0,3,0
990,0,0,0,0,0,3,0
991,1,1,0,0,1,2,0
992,1,1,0,0,1,2,0
993,0,0,0,0,0,3,0
994,0,0,0,0,0,3,0
995,0,1,0,0,1,2,0
996,0,0,0,0,0,3,0
997,0,1,0,0,1,2,0
998,0,1,0,0,1,2,0
999,0,1,0,0,1,2,0
1000,0,0,0,0,0,3,0
1001,1,0,0,0,0,3,0
1002,1,0,0,0,0,3,0
1003,1,0,0,0,0,3,0
1004,0,0,0,0,0,3,0
1005,0,0,0,0,0,3,0
1006,0,0,0,0,0,3,0
1007,0,1,0,0,1,2,0
1008,0,0,0,0,0,3,0
1009,0,0,0,0,0,3,0
1010,1,0,0,0,0,3,0
1011,1,0,0,0,0,3,0
1012,0,0,0,0,0,3,0
1013,1,0,0,0,0,3,0
1014,0,0,0,0,0,3,0
1015,1,1,0,0,1,2,0
1016,0,0,0,0,0,3,0
1017,0,0,0,0,0,3,0
1018,0,0,0,0,0,3,0
1019,1,0,0,0,0,3,0
1020,1,0,0,0,0,3,0
1021,0,0,0,0,0,3,0
1022,1,0,0,0,0,3,0
1023,0,1,0,0,1,2,0
1024,1,1,0,0,1,2,0
1025,0,0,0,0,0,3,0
1026,0,0,0,0,0,3,0
1027,0,0,0,0,0,3,0
1028,1,0,0,0,0,3,0
1029,0,0,0,0,0,3,0
1030,0,0,0,0,0,3,0
1031,1,1,0,0,1,2,0
1032,0,1,0,0,1,2,0
1033,1,1,0,0,1,2,0
1034,0,1,0,0,1,2,0
1035,0,1,0,0,1,2,0
1036,0,1,0,0,1,2,0
1037,1,1,0,0,1,2,0
1038,0,1,0,0,1,2,0
1039,0,1,0,0,1,2,0
1040,0,1,0,0,1,2,0
1041,0,0,0,1,1,2,0
1042,0,1,0,0,1,2,0
1043,1,1,0,0,1,2,0
1044,0,1,1,0,2,1,1
1045,1,1,0,0,1,2,0
1046,1,0,0,0,0,3,0
1047,1,1,0,0,1,2,0
1048,0,0,0,0,0,3,0
1049,0,0,1,1,2,1,1
1050,0,0,0,0,0,3,0
1051,0,0,0,0,0,3,0
1052,0,0,1,0,1,2,0
1053,1,0,1,0,1,2,0
1054,0,0,0,0,0,3,0
1055,0,0,0,0,0,3,0
1056,0,0,1,0,1,2,0
1057,0,0,0,1,1,2,0
1058,0,0,0,0,0,3,0
1059,0,1,0,0,1,2,0
1060,0,0,1,0,1,2,0
1061,1,0,0,0,0,3,0
1062,1,0,0,0,0,3,0
1063,1,0,1,0,1,2,0
1064,1,1,0,0,1,2,0
1065,1,1,0,0,1,2,0
1066,0,1,1,0,2,1,1
1067,0,1,0,0,1,2,0
1068,1,0,0,0,0,3,0
1069,0,0,0,0,0,3,0
1070,0,1,0,0,1,2,0
1071,0,1,0,1,2,1,1
1072,0,0,0,0,0,3,0
1073,0,1,0,0,1,2,0
1074,0,1,0,0,1,2,0
1075,0,1,0,0,1,2,0
1076,0,0,0,0,0,3,0
1077,1,1,0,0,1,2,0
1078,1,0,0,0,0,3,0
1079,1,0,0,0,0,3,0
1080,1,0,0,0,0,3,0
1081,0,0,0,1,1,2,0
1082,1,1,0,0,1,2,0
1083,1,0,0,0,0,3,0
1084,1,1,0,1,2,1,1
1085,0,0,0,0,0,3,0
1086,1,0,0,0,0,3,0
1087,1,0,1,0,1,2,0
1088,0,0,0,0,0,3,0
1089,0,0,1,0,1,2,0
1090,0,1,0,1,2,1,1
1091,0,1,0,0,1,2,0
1092,1,0,0,0,0,3,0
1093,1,0,0,0,0,3,0
1094,1,0,0,1,1,2,0
1095,0,0,0,0,0,3,0
1096,0,1,1,1,3,0,1
1097,0,0,0,0,0,3,0
1098,0,1,0,0,1,2,0
1099,0,1,0,0,1,2,0
1100,1,1,0,0,1,2,0
1101,1,1,0,0,1,2,0
1102,0,0,0,0,0,3,0
1103,1,1,1,0,2,1,1
1104,0,0,0,0,0,3,0
1105,0,1,0,1,2,1,1
1106,0,0,0,0,0,3,0
1107,0,0,0,0,0,3,0
1108,0,1,0,0,1,2,0
1109,0,1,0,1,2,1,1
1110,1,1,0,0,1,2,0
1111,1,1,0,0,1,2,0
1112,0,1,1,0,2,1,1
1113,1,0,1,0,1,2,0
1114,1,1,0,0,1,2,0
1115,1,1,0,0,1,2,0
1116,1,1,1,0,2,1,1
1117,1,0,0,0,0,3,0
1118,0,0,0,0,0,3,0
1119,1,1,0,0,1,2,0
1120,0,0,0,0,0,3,0
1121,1,1,0,1,2,1,1
1122,0,0,0,0,0,3,0
1123,1,0,0,0,0,3,0
1124,1,0,0,0,0,3,0
1125,0,0,0,0,0,3,0
1126,1,0,0,0,0,3,0
1127,0,1,0,0,1,2,0
1128,0,0,0,0,0,3,0
1129,1,0,0,0,0,3,0
1130,1,0,0,0,0,3,0
1131,0,0,0,0,0,3,0
1132,0,0,0,0,0,3,0
1133,0,1,0,0,1,2,0
1134,0,0,0,0,0,3,0
1135,0,0,0,0,0,3,0
1136,0,0,0,0,0,3,0
1137,0,0,0,0,0,3,0
1138,0,0,0,0,0,3,0
1139,0,0,0,0,0,3,0
1140,1,0,0,0,0,3,0
1141,0,0,0,0,0,3,0
1142,1,0,0,0,0,3,0
1143,1,0,0,0,0,3,0
1144,0,0,0,0,0,3,0
1145,1,0,0,0,0,3,0
1146,1,0,0,0,0,3,0
1147,0,0,0,0,0,3,0
1148,0,0,0,0,0,3,0
1149,1,0,0,0,0,3,0
1150,0,0,0,0,0,3,0
